,type_of_reference,primary_title,authors,secondary_authors,publisher,volume,start_page,end_page,year,date,issn,doi,urls,keywords,abstract,journal_name,number,place_published,secondary_title,asreview_group_id,asreview_label,asreview_time,asreview_note
34,JOUR,LEAVES: An open-source web-based tool for the scalable annotation and visualisation of large-scale ecoacoustic datasets using cluster analysis,"Napier, Thomas;Ahn, Euijoon;Allen-Ankins, Slade;Schwarzkopf, Lin;Lee, Ickjai",,,87,103026,,2025,2025/07/01/,1574-9541,https://doi.org/10.1016/j.ecoinf.2025.103026,https://www.sciencedirect.com/science/article/pii/S1574954125000354,Acoustic monitoring;Clustering;Computer software;Decision support;Ecoacoustic analysis;Machine learning application,"Ecoacoustics has emerged as a pivotal discipline in the conservation and monitoring of ecosystems, offering insights into species’ behaviour and ecosystem health through soundscape analysis. Central to this is the need for accurate annotations of environmental audio recordings, which underpin the computational models used in ecological monitoring. However, due to the increasingly large scale of datasets, annotation using existing tools and techniques cannot be performed at feasible speeds or with the necessary accuracy required for real-world application. The LEAVES (Large-scale Ecoacoustics Annotation and Visualisation with Efficient Segmentation) platform addresses this gap by leveraging unsupervised clustering techniques optimised for the high-throughput annotation of large-scale ecoacoustics datasets. Our evaluation across six real-world datasets shows that LEAVES improves annotation efficiency by up to 7.12 times compared to manual annotation while maintaining 79%–90% label similarity to validated data. We expect that our proposed tool will greatly accelerate the annotation process when generating high-quality labelled datasets, supporting larger-scale studies with broader community engagement in ecoacoustics research.",Ecological Informatics,,,,34,1,2025-03-21 14:31:30,
16,JOUR,APLOSE: A web-based annotation platform for underwater passive acoustic monitoring,"Dubus, Gabriel;Torterotot, Maëlle;Béesau, Julie;Dupont, Mathieu;Gros-Martial, Anatole;Michel, Mathilde;Morin, Elodie;Duc, Paul Nguyen Hong;Raumer, Pierre-Yves;Adam, Olivier;Samaran, Flore;Cazau, Dorian",,,29,102055,,2025,2025/02/01/,2352-7110,https://doi.org/10.1016/j.softx.2025.102055,https://www.sciencedirect.com/science/article/pii/S2352711025000226,Underwater acoustics;Passive acoustic monitoring;Open source;Annotation platform,"Emerging detection and classification algorithms based on deep learning models require manageable large-scale manual annotations of ground truth data. To date, the challenge of creating large and accurate annotated datasets of underwater sounds has been a major obstacle to the development of robust recognition algorithms. APLOSE (Annotation PLatform for Ocean Sound Explorers) is an open-source, web-based tool which facilitates collaborative annotation campaigns in underwater acoustics. The platform was used to carry out research projects on inter-annotator variability, to build training and testing data sets for detection algorithms and to perform bioacoustics analysis on noisy datasets. In the future, it will enable the creation of high-quality reference datasets to test and train the new detection and classification algorithms.",SoftwareX,,,,16,1,2025-03-21 14:32:05,
5,JOUR,Ecoacoustic bank: A software for ecoacoustics data management,"Giraldo-Forero, Andrés Felipe;Rodríguez-Marín, Paula Andrea;Isaza-Narváez, Claudia;Daza-Rojas, Juan Manuel",,,27,101822,,2024,2024/09/01/,2352-7110,https://doi.org/10.1016/j.softx.2024.101822,https://www.sciencedirect.com/science/article/pii/S2352711024001936,Passive acoustic monitoring;Soundscape;Ecoacoustic;Management and storage of recordings;Audio annotation;Metadata query,"This paper describes Ecoacoustic bank, a software for managing and storing passive acoustic monitoring (PAM) data. The software allows integrating audio with other commonly collected data types, such as information on acquisition systems used and spatial–temporal conditions, to encourage research in biodiversity and environmental monitoring. As part of this effort, we use docker technology to facilitate software deployment, where we integrated a user-friendly web interface with the database engine. Other features include integrating advanced search filters and audio annotation of anthropophonies, biophonies, and geophonies.",SoftwareX,,,,5,1,2025-03-21 14:32:50,
38,JOUR,Management of acoustic metadata for bioacoustics,"Roch, Marie A.;Batchelor, Heidi;Baumann-Pickering, Simone;Berchok, Catherine L.;Cholewiak, Danielle;Fujioka, Ei;Garland, Ellen C.;Herbert, Sean;Hildebrand, John A.;Oleson, Erin M.;Van Parijs, Sofie;Risch, Denise;Širović, Ana;Soldevilla, Melissa S.",,,31,122,136,2016,2016/01/01/,1574-9541,https://doi.org/10.1016/j.ecoinf.2015.12.002,https://www.sciencedirect.com/science/article/pii/S1574954115001983,Bioacoustics;Metadata;Call spatiotemporal database;Environmental data access,"Recent expansion in the capabilities of passive acoustic monitoring of sound-producing animals is providing expansive data sets in many locations. These long-term data sets will allow the investigation of questions related to the ecology of sound-producing animals on time scales ranging from diel and seasonal to inter-annual and decadal. Analyses of these data often span multiple analysts from various research groups over several years of effort and, as a consequence, have begun to generate large amounts of scattered acoustic metadata. It has therefore become imperative to standardize the types of metadata being generated. A critical aspect of being able to learn from such large and varied acoustic data sets is providing consistent and transparent access that can enable the integration of various analysis efforts. This is juxtaposed with the need to include new information for specific research questions that evolve over time. Hence, a method is proposed for organizing acoustic metadata that addresses many of the problems associated with the retention of metadata from large passive acoustic data sets. A structure was developed for organizing acoustic metadata in a consistent manner, specifying required and optional terms to describe acoustic information derived from a recording. A client-server database was created to implement this data representation as a networked data service that can be accessed from several programming languages. Support for data import from a wide variety of sources such as spreadsheets and databases is provided. The implementation was extended to access Internet-available data products, permitting access to a variety of environmental information types (e.g. sea surface temperature, sunrise/sunset, etc.) from a wide range of sources as if they were part of the data service. This metadata service is in use at several institutions and has been used to track and analyze millions of acoustic detections from marine mammals, fish, elephants, and anthropogenic sound sources.",Ecological Informatics,,,,38,1,2025-03-21 14:33:58,
10,JOUR,"The Internet of Animals: what it is, what it could be","Kays, Roland;Wikelski, Martin",,,38,859,869,2023,2023/09/01/,0169-5347,https://doi.org/10.1016/j.tree.2023.04.007,https://www.sciencedirect.com/science/article/pii/S0169534723000873,Big Data;API;Internet of Things;artificial intelligence;biodiversity;agriculture;One Health,"One of the biggest trends in ecology over the past decade has been the creation of standardized databases. Recently, this has included live data, formal linkages between disparate databases, and automated analytics, a synergy that we recognize as the Internet of Animals (IoA). Early IoA systems relate animal locations to remote-sensing data to predict species distributions and detect disease outbreaks, and use live data to inform management of endangered species. However, meeting the future potential of the IoA concept will require solving challenges of taxonomy, data security, and data sharing. By linking data sets, integrating live data, and automating workflows, the IoA has the potential to enable discoveries and predictions relevant to human societies and the conservation of animals.",Trends in Ecology & Evolution,9,,,10,1,2025-03-21 14:41:47,
33,JOUR,Bird-DB: A database for annotated bird song sequences,"Arriaga, Julio G.;Cody, Martin L.;Vallejo, Edgar E.;Taylor, Charles E.",,,27,21,25,2015,2015/05/01/,1574-9541,https://doi.org/10.1016/j.ecoinf.2015.01.007,https://www.sciencedirect.com/science/article/pii/S1574954115000151,Bioacoustics;Bird song;Phrase sequence;Birdsong syntax;Database,"Projects on the acoustic monitoring of animals in natural habitats generally face the problem of managing extensive amounts of data, both needed for – and produced by – observation or experimentation. While there are many publicly accessible databases for recordings themselves, we are aware of none for annotated song sequences. In this paper, we describe our database system of bird vocalizations and introduce our online sample repository for the community of researchers studying the syntax of bird song.",Ecological Informatics,,,,33,1,2025-03-21 14:42:41,
7,JOUR,Ensemble extraction for classification and detection of bird species,"Kasten, Eric P.;McKinley, Philip K.;Gage, Stuart H.",,,5,153,166,2010,2010/05/01/,1574-9541,https://doi.org/10.1016/j.ecoinf.2010.02.003,https://www.sciencedirect.com/science/article/pii/S1574954110000361,Acoustics;Data stream;Ensemble;Pattern recognition;Remote sensing;Time series analysis,"Advances in technology have enabled new approaches for sensing the environment and collecting data about the world. Once collected, sensor readings can be assembled into data streams and transmitted over computer networks for storage and processing at observatories or to evoke an immediate response from an autonomic computer system. However, such automated collection of sensor data produces an immense quantity of data that is time consuming to organize, search and distill into meaningful information. In this paper, we explore the design and use of distributed pipelines for automated processing of sensor data streams. In particular, we focus on the detection and extraction of meaningful sequences, called ensembles, from acoustic data streamed from natural areas. Our goal is automated detection and classification of various species of birds.",Ecological Informatics,3,,,7,1,2025-03-21 14:43:48,
26,JOUR,Cyberinfrastructure for sourcing and processing ecological data,"Recknagel, Friedrich",,,75,102039,,2023,2023/07/01/,1574-9541,https://doi.org/10.1016/j.ecoinf.2023.102039,https://www.sciencedirect.com/science/article/pii/S1574954123000687,Cyberinfrastructure;Adaptive management;Ecological entities;Ecological monitoring;Data management;Ecological synthesis;Ecological forecasting;Machine learning;Deep learning;Hybrid modelling,"Cyberinfrastructure is a product of the information age that provides a framework for informing adaptive management of ecological entities under the impact of regional and global change. It supports proximity monitoring, user-friendly data management, knowledge discovery by data synthesis, and decision making by forecasting. A workflow is proposed that suits the iterative nature of adaptive management. It takes advantage of novel sensor, genomics, and communication technology for ecological monitoring, of ontologies, semantic webs and blockchain for data management, of hybrid, machine and deep learning concepts for data synthesis and forecasting. Forecasting at different time horizons is guiding decision making for adjusting management and continuing monitoring. This review aims to make researchers, decision makers and stakeholders aware of currently existing technology to make better use of ecological data and models for timely and evidence-based decisions.",Ecological Informatics,,,,26,1,2025-03-21 14:44:07,
6,JOUR,Contributions of MIR to soundscape ecology. Part 3: Tagging and classifying audio features using a multi-labeling k-nearest neighbor approach,"Bellisario, Kristen M.;Broadhead, Taylor;Savage, David;Zhao, Zhao;Omrani, Hichem;Zhang, Saihua;Springer, John;Pijanowski, Bryan C.",,,51,103,111,2019,2019/05/01/,1574-9541,https://doi.org/10.1016/j.ecoinf.2019.02.010,https://www.sciencedirect.com/science/article/pii/S1574954118301924,Soundscape ecology;Multi-labeling;K-nearest neighbor;Visualization of acoustic data;Audio features,"Scientists are using acoustic monitoring to assess the impact of altered soundscapes on wildlife communities and human systems. In the soundscape ecology field, monitoring and analyses approaches rely on the interdisciplinary intersection of ecology, acoustics, and computer science. Combining theory and practice of each field in the context of Knowledge Discovery in Databases (KDD), soundscape ecologists provide innovative monitoring solutions for ecologically-driven research questions. We propose a soundscape content analysis framework for improved knowledge outcome with assistance of the new multi-label (ML) concept. Here, we investigated the effectiveness of a ML k-nearest neighbor algorithm (ML-kNN) for labeling concurrent soundscape components within a single recording. We manually labeled 1200 field recordings for the presence of soundscape components and extracted ecological acoustic features, audio profile features, and Gaussian-mixture model features for each recording. Then, we tested the ML-kNN algorithm accuracy with well-established metrics adapted to ML learning. We found that seventeen unique acoustic features could predict a set of biophonic, geophonic, and anthrophonic labels for a single field recording with average precision of 0.767. However, certain labels were predicted incorrectly depending on the time of day and co-occurrence of that label with another label, suggesting further refinement is needed to improve the accuracy of predicted labels. Overall, this ML classification approach could enable researchers to label field recordings more quickly and generate an “alert” system for monitoring changes in a specific sound class. Ultimately, the adaptation of the ML algorithm may provide soundscape ecologists with new metadata labels that are searchable in large databases of soundscape field recordings.",Ecological Informatics,,,,6,1,2025-03-21 14:45:08,
9,JOUR,Temporal Pass Plots: An intuitive method for visualising activity patterns of bats and other vocalising animals,"Beason, Richard D.;Riesch, Rüdiger;Koricheva, Julia",,,113,106202,,2020,2020/06/01/,1470-160X,https://doi.org/10.1016/j.ecolind.2020.106202,https://www.sciencedirect.com/science/article/pii/S1470160X20301394,Passive Acoustic Monitoring;Temporal Pass Plot;Bat;Activity;Behaviour;Survey standardisation,"Bats perform a number of ecosystem services but face numerous threats. Improved monitoring strategies are essential to better target conservation efforts, and passive acoustic monitoring (PAM) is being increasingly used to record bat activity. Although temporal patterns of bat activity can provide useful information about behaviour and habitat use, such assessments are rarely performed. Here, we describe the Temporal Pass Plot (TPP) that utilises audio file metadata to create highly detailed visualisations of bat activity, enabling direct comparisons of temporal activity patterns between different species and habitats. The example workflow and accompanying suite of utilities facilitate the production of TPPs with R or Excel. TPPs created using bat pass data revealed inter- and intra-specific differences in temporal activity that would normally be missed by typical assessments, which tend to measure bat activity using the total, or average, number of bat passes recorded on each night. This analysis illustrates how TPPs are capable of revealing useful insights into bat behaviour and expanding the scope of information acquired by PAM. TPPs provide an intuitive means of visualising patterns of bat activity over prolonged periods of time. With further study, activity patterns within TPPs could be related to specific behaviours such as roosting and commuting, enabling more detailed assessments of habitat use. Although bats are ideal candidates for TPPs, this technique could also be adapted for other species that can be monitored using time-stamped acoustic data.",Ecological Indicators,,,,9,1,2025-03-21 14:46:45,
28,JOUR,Bio-Intelligent Machine Tool: Vision and Steps Towards Realisation,"Wegener, Konrad;Spierings, Adriaan;Weiss, Lukas;Knüttel, Daniel",,,125,16,23,2024,2024/01/01/,2212-8271,https://doi.org/10.1016/j.procir.2024.08.004,https://www.sciencedirect.com/science/article/pii/S2212827124003585,bio-intelligence;human-machine interface;process monitoring;ontology,"Artificial intelligence enables machines to increase their autonomy. A concept of a bio-intelligent manufacturing machine has been developed. This is characterised by a self-learning expert system and a sensor strategy which are intensively integrated with each other. The machine tool control is at any time completely aware of the process performance, the environmental conditions and the machine status. It exploits further information streams from human operators and other machines in a federated learning approach and is connected to the MES system of the company. The expert system learns from human operators by mere commanding the operation. It is capable to generate new process parameters and deal with incomplete process data by adding the missing information.",Procedia CIRP,,,CIRP BioM 2024,28,0,2025-03-21 14:31:20,
27,JOUR,Applications and advances in acoustic monitoring for infectious disease epidemiology,"Johnson, Emilia;Campos-Cerqueira, Marconi;Jumail, Amaziasizamoria;Yusni, Ashraft Syazwan Ahmady;Salgado-Lynn, Milena;Fornace, Kimberly",,,39,386,399,2023,2023/05/01/,1471-4922,https://doi.org/10.1016/j.pt.2023.01.008,https://www.sciencedirect.com/science/article/pii/S1471492223000120,eco-acoustics;epidemiology;infectious disease;passive acoustic monitoring;soundscape;surveillance,"Emerging infectious diseases continue to pose a significant burden on global public health, and there is a critical need to better understand transmission dynamics arising at the interface of human activity and wildlife habitats. Passive acoustic monitoring (PAM), more typically applied to questions of biodiversity and conservation, provides an opportunity to collect and analyse audio data in relative real time and at low cost. Acoustic methods are increasingly accessible, with the expansion of cloud-based computing, low-cost hardware, and machine learning approaches. Paired with purposeful experimental design, acoustic data can complement existing surveillance methods and provide a novel toolkit to investigate the key biological parameters and ecological interactions that underpin infectious disease epidemiology.",Trends in Parasitology,5,,,27,0,2025-03-21 14:31:24,
29,JOUR,Self-supervised audiovisual representation learning for remote sensing data,"Heidler, Konrad;Mou, Lichao;Hu, Di;Jin, Pu;Li, Guangyao;Gan, Chuang;Wen, Ji-Rong;Zhu, Xiao Xiang",,,116,103130,,2023,2023/02/01/,1569-8432,https://doi.org/10.1016/j.jag.2022.103130,https://www.sciencedirect.com/science/article/pii/S1569843222003181,Self-supervised learning;Multi-modal learning;Representation learning;Audiovisual dataset,"Many deep learning approaches make extensive use of backbone networks pretrained on large datasets like ImageNet, which are then fine-tuned. In remote sensing, the lack of comparable large annotated datasets and the diversity of sensing platforms impedes similar developments. In order to contribute towards the availability of pretrained backbone networks in remote sensing, we devise a self-supervised approach for pretraining deep neural networks. By exploiting the correspondence between co-located imagery and audio recordings, this is done completely label-free, without the need for manual annotation. For this purpose, we introduce the SoundingEarth dataset, which consists of co-located aerial imagery and crowd-sourced audio samples all around the world. Using this dataset, we then pretrain ResNet models to map samples from both modalities into a common embedding space, encouraging the models to understand key properties of a scene that influence both visual and auditory appearance. To validate the usefulness of the proposed approach, we evaluate the transfer learning performance of pretrained weights obtained against weights obtained through other means. By fine-tuning the models on a number of commonly used remote sensing datasets, we show that our approach outperforms existing pretraining strategies for remote sensing imagery. The dataset, code and pretrained model weights are available at https://github.com/khdlr/SoundingEarth.",International Journal of Applied Earth Observation and Geoinformation,,,,29,0,2025-03-21 14:32:25,
4,JOUR,A citizen science platform to sample beehive sounds for monitoring ANSP,"Yu, Baizhong;Huang, Xinqiu;Sharif, Muhammad Zahid;Di, Nayan;Liu, Fanglin",,,375,124247,,2025,2025/02/01/,0301-4797,https://doi.org/10.1016/j.jenvman.2025.124247,https://www.sciencedirect.com/science/article/pii/S0301479725002233,Beehive sound;Citizen science;Agricultural nonpoint source pollution;Machine learning,"Honey bees usually produce particular sound when they are exposed to air pollution. Based on this principle, we create a citizen science platform to monitor Agricultural Nonpoint Source Pollution (ANSP) based on beehive sounds. Here we show the basic functions of the platform, and illustrate its workflow: sampling and uploading data by beekeepers, automated detection of target compounds from beehive sound recordings, and the outcome of which can be analysed with respect to the motivating management objective. With such a comprehensive platform for moving from raw data collection to analysis, ANSP monitoring programs will be greatly improved in to systematically characterize ecological processes and inform management decisions. Future endeavors will concentrate on fostering collaboration between public participants and scientists to facilitate automated detection of target compounds.",Journal of Environmental Management,,,,4,0,2025-03-21 14:32:29,
31,JOUR,Real time automatic detection of Orcinus orca vocalizations in a controlled environment,"Luke, Jonas Philipp;Marichal-Hernández, José G.;Rosa, Fernando;Almunia, Javier",,,71,771,776,2010,2010/08/01/,0003-682X,https://doi.org/10.1016/j.apacoust.2010.04.003,https://www.sciencedirect.com/science/article/pii/S0003682X10000848,Bioacoustics;Signal detection;Real time;Zero crossing rate;,"The use of passive acoustic observation is a useful tool in bioacoustic studies of cetaceans, such as killer whales (Orcinus orca). Such studies require the recording, detection, and classification of vocalizations of animals during long periods of time. The manual processing of the recordings is an extremely time consuming task because of the large amount of data to process. Automatic detection and classification techniques are useful to improve the processing, increase the amount of information and, as a consequence, provide information for the conservation of these species. The Orca Ocean facilities of Loro Parque in the Canary Islands, Spain, were used as an experimental platform for developing devices to perform bioacoustic studies. Detection methods with low computational complexity were tested in order to capture vocalizations of four O. orca specimens in real time. The algorithms were also tested in other scenarios in order to determine their global performance. The sensitivity to noise was also tested. The most accurate method in this study was implemented and integrated with a continuous recording system generating an event database in real time, downsizing the storage demand to 7%. This allowed the storage of all the sound events produced in about one month on a standard computer harddisk and the generation of basic statistics on vocal activity of the animals.",Applied Acoustics,8,,,31,0,2025-03-21 14:32:48,
39,JOUR,Smart embedded passive acoustic devices for real-time hydroacoustic surveys,"Toma, Daniel Mihai;Masmitja, Ivan;del Río, Joaquín;Martinez, Enoc;Artero-Delgado, Carla;Casale, Alessandra;Figoli, Alberto;Pinzani, Diego;Cervantes, Pablo;Ruiz, Pablo;Memè, Simone;Delory, Eric",,,125,592,605,2018,2018/09/01/,0263-2241,https://doi.org/10.1016/j.measurement.2018.05.030,https://www.sciencedirect.com/science/article/pii/S0263224118304111,Underwater acoustics;Digital hydrophone;Interoperability;Marine observations;Smart interface;Embedded processing;Underwater noise;Bioacoustics,"This paper describes cost-efficient, innovative and interoperable ocean passive acoustics sensors systems, developed within the European FP7 project NeXOS (Next generation Low-Cost Multifunctional Web Enabled Ocean Sensor Systems Empowering Marine, Maritime and Fisheries Management) These passive acoustic sensors consist of two low power, innovative digital hydrophone systems with embedded processing of acoustic data, A1 and A2, enabling real-time measurement of the underwater soundscape. An important part of the effort is focused on achieving greater dynamic range and effortless integration on autonomous platforms, such as gliders and profilers. A1 is a small standalone, compact, low power, low consumption digital hydrophone with embedded pre-processing of acoustic data, suitable for mobile platforms with limited autonomy and communication capability. A2 consists of four A1 digital hydrophones with Ethernet interface and one master unit for data processing, enabling real-time measurement of underwater noise and soundscape sources. In this work the real-time acoustic processing algorithms implemented for A1 and A2 are described, including computational load evaluations of the algorithms. The results obtained from the real time test done with the A2 assembly at OBSEA observatory collected during the verification phase of the project are presented.",Measurement,,,,39,0,2025-03-21 14:33:07,
25,JOUR,Integrating data and analysis technologies within leading environmental research infrastructures: Challenges and approaches,"Huber, Robert;D'Onofrio, Claudio;Devaraju, Anusuriya;Klump, Jens;Loescher, Henry W.;Kindermann, Stephan;Guru, Siddeswara;Grant, Mark;Morris, Beryl;Wyborn, Lesley;Evans, Ben;Goldfarb, Doron;Genazzio, Melissa A.;Ren, Xiaoli;Magagna, Barbara;Thiemann, Hannes;Stocker, Markus",,,61,101245,,2021,2021/03/01/,1574-9541,https://doi.org/10.1016/j.ecoinf.2021.101245,https://www.sciencedirect.com/science/article/pii/S1574954121000364,Scientific data analysis;Research infrastructures;Data service providers;Data analysis environments,"When researchers analyze data, it typically requires significant effort in data preparation to make the data analysis ready. This often involves cleaning, pre-processing, harmonizing, or integrating data from one or multiple sources and placing them into a computational environment in a form suitable for analysis. Research infrastructures and their data repositories host data and make them available to researchers, but rarely offer a computational environment for data analysis. Published data are often persistently identified, but such identifiers resolve onto landing pages that must be (manually) navigated to identify how data are accessed. This navigation is typically challenging or impossible for machines. This paper surveys existing approaches for improving environmental data access to facilitate more rapid data analyses in computational environments, and thus contribute to a more seamless integration of data and analysis. By analysing current state-of-the-art approaches and solutions being implemented by world‑leading environmental research infrastructures, we highlight the existing practices to interface data repositories with computational environments and the challenges moving forward. We found that while the level of standardization has improved during recent years, it still is challenging for machines to discover and access data based on persistent identifiers. This is problematic in regard to the emerging requirements for FAIR (Findable, Accessible, Interoperable, and Reusable) data, in general, and problematic for seamless integration of data and analysis, in particular. There are a number of promising approaches that would improve the state-of-the-art. A key approach presented here involves software libraries that streamline reading data and metadata into computational environments. We describe this approach in detail for two research infrastructures. We argue that the development and maintenance of specialized libraries for each RI and a range of programming languages used in data analysis does not scale well. Based on this observation, we propose a set of established standards and web practices that, if implemented by environmental research infrastructures, will enable the development of RI and programming language independent software libraries with much reduced effort required for library implementation and maintenance as well as considerably lower learning requirements on users. To catalyse such advancement, we propose a roadmap and key action points for technology harmonization among RIs that we argue will build the foundation for efficient and effective integration of data and analysis.",Ecological Informatics,,,,25,0,2025-03-21 14:33:17,
1,JOUR,Improving deep learning acoustic classifiers with contextual information for wildlife monitoring,"Jeantet, Lorène;Dufourq, Emmanuel",,,77,102256,,2023,2023/11/01/,1574-9541,https://doi.org/10.1016/j.ecoinf.2023.102256,https://www.sciencedirect.com/science/article/pii/S1574954123002856,Bioacoustics;Deep learning;Convolutional neural networks;Passive acoustic monitoring;Species identification;Birds;Hainan gibbons,"Bioacoustics, the exploration of animal vocalizations and natural soundscapes, has emerged as a valuable tool for studying species within their habitats, particularly those that are challenging to observe. This approach has broadened the horizons of biodiversity assessment and ecological research. However, monitoring wildlife with acoustic recorders produces large volumes of data that can be labor-intensive to analyze. Deep learning has recently transformed many computational disciplines by enabling the automated processing of large and complex datasets and has gained attention within the bioacoustics community. Despite the revolutionary impact of deep learning on acoustic detection and classification, attaining both high detection accuracy and low false positive rates in bioacoustics remains a significant challenge. An intriguing yet unexplored avenue for enhancing deep learning in bioacoustics involves the utilization of contextual information, such as time and location, to discern animal vocalizations within acoustic recordings. As a first case study, a multi-branch Convolutional Neural Network (CNN) was developed to classify 22 different bird songs using spectrograms as a first input, and spatial metadata as a secondary input. A comparison was made to a baseline model with only spectrogram input. A geographical prior neural network was trained, separately, to estimate the probability of a species occurring at a given location. The output of this network was combined with the baseline CNN. As a second case study, temporal data and spectrograms were used as input to a multi-branch CNN for the detection of Hainan gibbon (Nomascus hainanus) calls, the world’s rarest primate. Our findings demonstrate that adding metadata to the bird song classifier significantly improves classification performance, with the highest improvement achieved using the geographical prior model (F1-score of 87.78% compared to 61.02% for the baseline model). The multi-branch CNNs also proved efficient (F1-scores of 76.87% and 78.77%) and simpler to use than the geographical prior. In the second case study, our findings revealed a decrease in false positives by 63% (94% of the calls were detected) when the metadata was used by the multi-branch CNN, and an increase of 19% in gibbon detection. This study has uncovered an exciting new avenue for improving classifier performance in bioacoustics. The methodology described in this study can assist ecologists, wildlife management teams, and researchers in reducing the amount of time spent analyzing large acoustic datasets obtained from passive acoustic monitoring studies. Our approach can be adapted and applied to other calling species, and thus tailored to other use cases.",Ecological Informatics,,,,1,0,2025-03-21 14:33:22,
12,JOUR,A Web-based semantic tagging and activity recognition system for species' accelerometry data,"Gao, Lianli;Campbell, Hamish A.;Bidder, Owen R.;Hunter, Jane",,,13,47,56,2013,2013/01/01/,1574-9541,https://doi.org/10.1016/j.ecoinf.2012.09.003,https://www.sciencedirect.com/science/article/pii/S157495411200091X,Semantic annotation;Tri-axial accelerometer data;Animal activity recognition;Support vector machines;Visualization,"Increasingly, animal biologists are taking advantage of low cost micro-sensor technology, by deploying accelerometers to monitor the behavior and movement of a broad range of species. The result is an avalanche of complex tri-axial accelerometer data streams that capture observations and measurements of a wide range of animal body motion and posture parameters. Analysis of these parameters enables the identification of specific animal behaviors—however the analysis process is immature with much of the activity identification steps undertaken manually and subjectively. Consequently, there is an urgent need for the development of new tools to streamline the management, analysis, indexing, querying and visualization of such data. In this paper, we present a Semantic Annotation and Activity Recognition (SAAR) system which supports storing, visualizing, annotating and automatic recognition of tri-axial accelerometer data streams by integrating semantic annotation and visualization services with Support Vector Machine (SVM) techniques. The interactive Web interface enables biologists to visualize and correlate 3D accelerometer data streams with associated video streams. It also enables domain experts to accurately annotate or tag segments of tri-axial accelerometer data streams, with standardized terms from an activity ontology. These annotated data streams can then be used to dynamically train a hierarchical SVM activity classification model, which can be applied to new accelerometer data streams to automatically recognize specific activities. This paper describes the design, implementation and functional details of the SAAR system and the results of the evaluation experiments that assess the performance, usability and efficiency of the system. The evaluation results indicate that the SAAR system enables ecologists with little knowledge of machine learning techniques to collaboratively build classification models with high levels of accuracy, sensitivity, precision and specificity.",Ecological Informatics,,,,12,0,2025-03-21 14:33:48,
30,JOUR,Class-based tag recommendation and user-based evaluation in online audio clip sharing,"Font, Frederic;Serrà, Joan;Serra, Xavier",,,67,131,142,2014,2014/09/01/,0950-7051,https://doi.org/10.1016/j.knosys.2014.06.003,https://www.sciencedirect.com/science/article/pii/S0950705114002214,Collaborative tagging;Tag recommendation;User study;Folksonomy;Freesound,"Online sharing platforms often rely on collaborative tagging systems for annotating content. In this way, users themselves annotate and describe the shared contents using textual labels, commonly called tags. These annotations typically suffer from a number of issues such as tag scarcity or ambiguous labelling. Hence, to minimise some of these issues, tag recommendation systems can be employed to suggest potentially relevant tags during the annotation process. In this work, we present a tag recommendation system and evaluate it in the context of an online platform for audio clip sharing. By exploiting domain-specific knowledge, the system we present is able to classify an audio clip among a number of predefined audio classes and to produce specific tag recommendations for the different classes. We perform an in-depth user-based evaluation of the recommendation method along with two baselines and a former version that we described in previous work. This user-based evaluation is further complemented with a prediction-based evaluation following standard information retrieval methodologies. Results show that the proposed tag recommendation method brings a statistically significant improvement over the previous method and the baselines. In addition, we report a number of findings based on the detailed analysis of user feedback provided during the evaluation process. The considered methods, when applied to real-world collaborative tagging systems, should serve the purpose of consolidating the tagging vocabulary and improving the quality of content annotations.",Knowledge-Based Systems,,,,30,0,2025-03-21 14:33:52,
35,JOUR,A pipeline for identification of bird and frog species in tropical soundscape recordings using a convolutional neural network,"LeBien, Jack;Zhong, Ming;Campos-Cerqueira, Marconi;Velev, Julian P.;Dodhia, Rahul;Ferres, Juan Lavista;Aide, T. Mitchell",,,59,101113,,2020,2020/09/01/,1574-9541,https://doi.org/10.1016/j.ecoinf.2020.101113,https://www.sciencedirect.com/science/article/pii/S1574954120300637,Acoustic monitoring;Bioacoustics;Sound classification;Convolutional neural network;Deep learning,"Automated acoustic recorders can collect long-term soundscape data containing species-specific signals in remote environments. Ecologists have increasingly used them for studying diverse fauna around the globe. Deep learning methods have gained recent attention for automating the process of species identification in soundscape recordings. We present an end-to-end pipeline for training a convolutional neural network (CNN) for multi-species multi-label classification of soundscape recordings, starting from raw, unlabeled audio. Training data for species-specific signals are collected using a semi-automated procedure consisting of an efficient template-based signal detection algorithm and a graphical user interface for rapid detection validation. A CNN is then trained based on mel-spectrograms of sound to predict the set of species present in a recording. Transfer learning of a pre-trained model is employed to reduce the necessary training data and time. Furthermore, we define a loss function that allows for using true and false template-based detections to train a multi-class multi-label audio classifier. This approach leverages relevant absence (negative) information in training, and reduces the effort in creating multi-label training data by allowing weak labels. We evaluated the pipeline using a set of soundscape recordings collected across 749 sites in Puerto Rico. A CNN model was trained to identify 24 regional species of birds and frogs. The semi-automated training data collection process greatly reduced the manual effort required for training. The model was evaluated on an excluded set of 1000 randomly sampled 1-min soundscapes from 17 sites in the El Yunque National Forest. The test recordings contained an average of ~3 present target species per recording, and a maximum of 8. The test set also showed a large class imbalance with most species being present in less than 5% of recordings, and others present in >25%. The model achieved a mean-average-precision of 0.893 across the 24 species. Across all predictions, the total average-precision was 0.975.",Ecological Informatics,,,,35,0,2025-03-21 14:34:02,
37,CHAP,Chapter 8 - Ubiquitous computing and biodiversity monitoring,"Ganchev, Todor D.","Neustein, Amy",Academic Press,,239,259,2020,2020/01/01/,25891014,https://doi.org/10.1016/B978-0-12-816801-1.00008-6,https://www.sciencedirect.com/science/article/pii/B9780128168011000086,ARBIMON;AmiBio;Biodiversity;Computing;Monitoring;Pest control,"This chapter provides a brief overview of the current and emerging technologies that are fundamental for the accomplishment of scalable biodiversity monitoring, pest control, disease transmission, and environment monitoring and habitat preservation actions. A common requirement of these tasks is the need to collect, store, process, and interpret vast amounts of data originating from sources spread over large areas for prolonged periods. This requires on-the-spot data storage and processing, reliable networking and communication infrastructure, and intelligent data analysis and interpretation methods that can resolve contradictions and uncertainty in data. From this perspective, we perceive ubiquitous computing as one of the essential instruments in support of such applications. We illustrate the integration of recent technology, which takes advantage of the advances in ubiquitous computing, computational bioacoustics, ecoacoustics, remote sensing, and related technology, in support of habitat preservation efforts.",,,,Advances in ubiquitous sensing applications for healthcare,37,0,2025-03-21 14:42:06,
8,CHAP,Chapter 12 - Modeling People and Populations: Exploring Medical Visualization Through Immersive Interactive Virtual Environments,"Kenderdine, Sarah;Nicholson, Jeremy K.;Mason, Ingrid","Holmes, Elaine;Nicholson, Jeremy K.;Darzi, Ara W.;Lindon, John C.",Academic Press,,333,367,2016,2016/01/01/,978-0-12-800344-2,https://doi.org/10.1016/B978-0-12-800344-2.00012-4,https://www.sciencedirect.com/science/article/pii/B9780128003442000124,Big data;visualization;immersive;virtual environment;interaction;“-omics”;data management;interoperability;biomedical imaging,"This chapter explores developments in immersive interactive virtual environments for solving core challenges represented by advances in medical imaging and the emergence of medical big data. Visualization systems for large-scale data sets are increasingly focused on effectively representing many levels of complexity. The discussion is foregrounded by an overview of advances in medical imaging and selected existing visualization paradigms, together with a description of essential data management requirements. In addition to describing a range of distinct state-of-the-art visualization environments at key research universities, a corresponding set of case studies are introduced to explore the affordances and constraints of these systems in relation to the experimental research undertaken with them. The discussion includes new developments in, and requirements for, this emerging field of research.",,,Boston,,8,0,2025-03-21 14:42:11,
2,JOUR,Towards a global terrestrial species monitoring program,"Schmeller, Dirk S.;Julliard, Romain;Bellingham, Peter J.;Böhm, Monika;Brummitt, Neil;Chiarucci, Alessandro;Couvet, Denis;Elmendorf, Sarah;Forsyth, David M.;Moreno, Jaime García;Gregory, Richard D.;Magnusson, William E.;Martin, Laura J.;McGeoch, Melodie A.;Mihoub, Jean-Baptiste;Pereira, Henrique M.;Proença, Vânia;van Swaay, Chris A.M.;Yahara, Tetsukazu;Belnap, Jayne",,,25,51,57,2015,2015/05/01/,1617-1381,https://doi.org/10.1016/j.jnc.2015.03.003,https://www.sciencedirect.com/science/article/pii/S1617138115000278,Convention on Biological Diversity;Essential Biodiversity Variable;Group of Earth Observation Biodiversity Observation Network;GEO System of Systems;Modelling framework;Policy support,"The Convention on Biological Diversity's strategic plan lays out five goals: “(A) address the underlying causes of biodiversity loss by mainstreaming biodiversity across government and society; (B) reduce the direct pressures on biodiversity and promote sustainable use; (C) improve the status of biodiversity by safeguarding ecosystems, species and genetic diversity; (D) enhance the benefits to all from biodiversity and ecosystem services; (E) enhance implementation through participatory planning, knowledge management and capacity building.” To meet and inform on the progress towards these goals, a globally coordinated approach is needed for biodiversity monitoring that is linked to environmental data and covers all biogeographic regions. During a series of workshops and expert discussions, we identified nine requirements that we believe are necessary for developing and implementing such a global terrestrial species monitoring program. The program needs to design and implement an integrated information chain from monitoring to policy reporting, to create and implement minimal data standards and common monitoring protocols to be able to inform Essential Biodiversity Variables (EBVs), and to develop and optimize semantics and ontologies for data interoperability and modelling. In order to achieve this, the program needs to coordinate diverse but complementary local nodes and partnerships. In addition, capacities need to be built for technical tasks, and new monitoring technologies need to be integrated. Finally, a global monitoring program needs to facilitate and secure funding for the collection of long-term data and to detect and fill gaps in under-observed regions and taxa. The accomplishment of these nine requirements is essential in order to ensure data is comprehensive, to develop robust models, and to monitor biodiversity trends over large scales. A global terrestrial species monitoring program will enable researchers and policymakers to better understand the status and trends of biodiversity.",Journal for Nature Conservation,,,,2,0,2025-03-21 14:42:34,
41,JOUR,A densely sampled and richly annotated acoustic data set from a wild bird population,"Merino Recalde, Nilo;Estandía, Andrea;Pichot, Loanne;Vansse, Antoine;Cole, Ella F.;Sheldon, Ben C.",,,211,111,122,2024,2024/05/01/,0003-3472,https://doi.org/10.1016/j.anbehav.2024.02.008,https://www.sciencedirect.com/science/article/pii/S0003347224000587,animal culture;animal vocalization;bioacoustics;birdsong;open data,"We present a high-resolution, densely sampled data set of wild bird songs collected over multiple years from a single population of great tits, Parus major, in the U.K. The data set includes over 1100000 individual acoustic units from 109963 richly annotated songs, sung by more than 400 individual birds, and provides unprecedented detail on the vocal behaviour of wild birds. Here, we describe the data collection and processing procedures and provide a summary of the data. We also discuss potential research questions that can be addressed using this data set, including behavioural repeatability and stability, links between vocal performance and reproductive success, the timing of song production, syntactic organization of song production and song learning in the wild. We have made the data set and associated software tools publicly available with the aim that other researchers can benefit from this resource and use it to further our understanding of bird vocal behaviour in the wild.",Animal Behaviour,,,,41,0,2025-03-21 14:42:50,
24,JOUR,Investigation of broadcast-audio semantic analysis scenarios employing radio-programme-adaptive pattern classification,"Kotsakis, R.;Kalliris, G.;Dimoulas, C.",,,54,743,762,2012,2012/07/01/,0167-6393,https://doi.org/10.1016/j.specom.2012.01.004,https://www.sciencedirect.com/science/article/pii/S0167639312000118,Audio-semantics;Radio-programmes;Content-management;Speech/non-speech segmentation;Pattern classification;Neural networks,"The present paper focuses on the investigation of various audio pattern classifiers in broadcast-audio semantic analysis, using radio-programme-adaptive classification strategies with supervised training. Multiple neural network topologies and training configurations are evaluated and compared in combination with feature-extraction, ranking and feature-selection procedures. Different pattern classification taxonomies are implemented, using programme-adapted multi-class definitions and hierarchical schemes. Hierarchical and hybrid classification taxonomies are deployed in speech analysis tasks, facilitating efficient speaker recognition/identification, speech/music discrimination, and generally speech/non-speech detection-segmentation. Exhaustive qualitative and quantitative evaluation is conducted, including indicative comparison with non-neural approaches. Hierarchical approaches offer classification-similarities for easy adaptation to generic radio-broadcast semantic analysis tasks. The proposed strategy exhibits increased efficiency in radio-programme content segmentation and classification, which is one of the most demanding audio semantics tasks. This strategy can be easily adapted in broader audio detection and classification problems, including additional real-world speech-communication demanding scenarios.",Speech Communication,6,,,24,0,2025-03-21 14:44:23,
13,JOUR,DistressNet: A disaster response system providing constant availability cloud-like services,"Chenji, Harsha;Zhang, Wei;Stoleru, Radu;Arnett, Clint",,,11,2440,2460,2013,2013/11/01/,1570-8705,https://doi.org/10.1016/j.adhoc.2013.06.008,https://www.sciencedirect.com/science/article/pii/S1570870513001315,Disaster response;Adhoc networks;Sensor networks;Delay tolerant networks;Cloud services,"Large scale disasters like the earthquake and tsunami in Japan (2011) cripple the local infrastructure. Proprietary systems and protocols used today for disaster response still lack data at the high spatial and temporal resolution needed to quickly save lives and to support disaster recovery efforts. Victims are rescued after days, if not weeks; digital coordination interfaces among responders are lacking, or are based on archaic methods (pencil, paper, paint on walls); the delay in receiving vast amounts of information from the field is bounded by the time used to physically transport tapes or hard drives. In this paper we present the design, implementation and evaluation of DistressNet, a system that provides services for emergency response applications. DistressNet integrates a variety of rapidly deployable, battery powered COTS devices into a secure framework. An optimal placement of networked components allows users to quickly and reliably store and retrieve data, in a “cloud”-like manner, from a local intermittently connected “fog”. High volumes of field data are available for emergency response personnel to view on interfaces like smartphones and tablets. DistressNet is a large academic effort, proposing open systems, instead of proprietary solutions. It has been developed in collaboration with Texas Task Force 1 and its components have been evaluated for over one year in outdoor deployments that required over 1500 man hours.",Ad Hoc Networks,8,,,13,0,2025-03-21 14:44:34,
21,JOUR,Dataset on audio records of animals from the northeast Andes of Colombia I: The bird sounds of Boyacá department,"Buitrago-Cardona, Alexandra;Colón-Piñeiro, Zuania;Borja-Acosta, Kevin G.;Ospina-Larrea, Ana María;Galeano, Sandra P.;Acevedo-Charry, Orlando",,,28,104941,,2020,2020/02/01/,2352-3409,https://doi.org/10.1016/j.dib.2019.104941,https://www.sciencedirect.com/science/article/pii/S235234091931296X,Bioacoustics;Bird acoustics;Ecoacoustics;Sound collection;Sounds recordings,"This dataset is the first effort to combine the audio biodiversity of a taxonomic group in a selected location, the Boyacá department in Colombia. We conducted a detailed review of the sound recordings for birds from the Boyacá department within three repositories, the environmental sound collection of the Humboldt Institute, the Macaulay Library of the Cornell Lab of Ornithology, and the xeno-canto platform of the Naturalis Biodiversity Center. We selected recordings that were identified up to species and had complete metadata information. Using latitude and longitude information, we assigned each recording to one of the three regions and one of the 12 biotic units reported for Boyacá. We reported a total of 2321 recordings belonging to the Andean region (1892), Orinoquian region (425), and Carare-Lebrija-Nechi-Sinu (4). The sounds of Boyacá birds have been sampled for approximately three decades, with two peaks of activity in the early 2000's and 2018. We also included a map with the distribution of biotic units and sound recordings of our dataset. This dataset can be used to extract acoustic traits to test hypotheses of turnover in the acoustic space or traits by species, or to compare acoustic traits between species. It can also allow decision-makers to support biodiversity-based economies such as avitourism.",Data in Brief,,,,21,0,2025-03-21 14:44:53,
43,JOUR,Emerging technologies for assessing ecosystem services: A synthesis of opportunities and challenges,"Schirpke, Uta;Ghermandi, Andrea;Sinclair, Michael;Van Berkel, Derek;Fox, Nathan;Vargas, Leonardo;Willemen, Louise",,,63,101558,,2023,2023/10/01/,2212-0416,https://doi.org/10.1016/j.ecoser.2023.101558,https://www.sciencedirect.com/science/article/pii/S2212041623000517,Remote sensing;Machine learning;Social media data;Big data;Nature’s contributions to people,"Rapid technological development opens up new opportunities for assessing ecosystem services (ES), which may help to overcome current knowledge gaps and limitations in data availability. At the same time, emerging technologies, such as mobile devices, social media platforms, and artificial intelligence, give rise to a series of challenges and limitations. This study provides a comprehensive overview of the broad range of technologies that are increasingly used for collecting, analyzing, and visualizing data on ES, including Earth observation, mobile technologies, data science, modeling/simulation, immersive technologies, visualization, and web-based tools. To identify current opportunities and challenges, we systematically reviewed the literature on ES of the last 10 years (2012–2022). We first describe the state-of-the-art of emerging technologies, synthesizing their applicability, opportunities, and limitations. Then, we discuss open issues, future research needs, and potential for further applications in ES research. Our findings indicate great opportunities to increase knowledge on ES thanks to low costs, high data availability, and high flexibility of the technologies. We also find a strong potential to support decision-making, learning and communication. However, limitations and challenges related to the accuracy of the variables and models, accessibility to data, technologies, and information as well as ethical concerns need to be addressed by the research community to assure an inclusive and meaningful use of the technologies. Our findings also suggest that further insights into ES may be achieved through a better integration of different technologies in the future, e.g., Earth observation, data science, and web-based platforms, a stronger transdisciplinary collaboration to advance knowledge on ES, and by broadening the perspective to technological developments in other related fields of research.",Ecosystem Services,,,,43,0,2025-03-21 14:45:23,
40,JOUR,Autonomous marine environmental monitoring: Application in decommissioned oil fields,"Jones, Daniel O.B.;Gates, Andrew R.;Huvenne, Veerle A.I.;Phillips, Alexander B.;Bett, Brian J.",,,668,835,853,2019,2019/06/10/,0048-9697,https://doi.org/10.1016/j.scitotenv.2019.02.310,https://www.sciencedirect.com/science/article/pii/S0048969719308137,Survey;Oil and gas;Infrastructure;Observatories;Marine autonomous systems;AUV;Glider;Rigs to reefs,"Hundreds of Oil & Gas Industry structures in the marine environment are approaching decommissioning. In most areas decommissioning operations will need to be supported by environmental assessment and monitoring, potentially over the life of any structures left in place. This requirement will have a considerable cost for industry and the public. Here we review approaches for the assessment of the primary operating environments associated with decommissioning — namely structures, pipelines, cuttings piles, the general seabed environment and the water column — and show that already available marine autonomous systems (MAS) offer a wide range of solutions for this major monitoring challenge. Data of direct relevance to decommissioning can be collected using acoustic, visual, and oceanographic sensors deployed on MAS. We suggest that there is considerable potential for both cost savings and a substantial improvement in the temporal and spatial resolution of environmental monitoring. We summarise the trade-offs between MAS and current conventional approaches to marine environmental monitoring. MAS have the potential to successfully carry out much of the monitoring associated with decommissioning and to offer viable alternatives where a direct match for the conventional approach is not possible.",Science of The Total Environment,,,,40,0,2025-03-21 14:45:26,
22,JOUR,EcoCommons Australia virtual laboratories with cloud computing: Meeting diverse user needs for ecological modeling and decision-making,"Bayraktarov, Elisa;Low-Choy, Samantha;Singh, Abhimanyu Raj;Beaumont, Linda J.;Williams, Kristen J.;Baumgartner, John B.;Laffan, Shawn W.;Vasco, Daniela;Cosgrove, Robert;Wraith, Jenna;Antunes, Jessica Fenker;Mackey, Brendan",,,183,106255,,2025,2025/01/01/,1364-8152,https://doi.org/10.1016/j.envsoft.2024.106255,https://www.sciencedirect.com/science/article/pii/S1364815224003165,Virtual laboratory;Species distribution models;Scientific workflows;Best-practice modeling;User-centered design;FAIR data,"Biodiversity decline and climate change are among the most important environmental issues society faces. Information to address these issues has benefited from increasing big data, advances in cloud computing, and subsequent new tools for analytics. Accessing such tools is streamlined by virtual laboratories for ecological analysis, like the ‘Biodiversity and Climate Change Virtual Laboratory’ (BCCVL) and ‘ecocloud’. These platforms help reduce time and effort spent on developing programming skills, data acquisition and curation, plus model building. Recently this functionality was extended, producing EcoCommons Australia—a web-based ecological modeling platform for environmental problem-solving—with upgraded infrastructure and improved ensemble modeling, post-model analysis, workflow transparency and reproducibility. We outline our user-centered approach to systems design, from initial surveys of stakeholder needs to user involvement in testing, and collaboration with specialists. We illustrate EcoCommons and compare model evaluation statistics through four case studies, highlighting how the modular platform meets users' needs.",Environmental Modelling & Software,,,,22,0,2025-03-21 14:45:38,
36,JOUR,Technology-enhanced community forest management in tropical regions: A state of the art,"Loomis, John James;de Araújo e Souza, Filipe;Angel, Marcela;Fabbri, Alessandra",,,350,119651,,2024,2024/01/15/,0301-4797,https://doi.org/10.1016/j.jenvman.2023.119651,https://www.sciencedirect.com/science/article/pii/S0301479723024398,Community-based forest monitoring;Participatory forest management;Landsat;Smartphone;Unmanned aerial vehicle (UAV);Geographic information system (GIS),"Tropical forests provide ecosystem services to around 2.7 billion people. Yet they are reaching tipping points due to social, economic, and environmental pressures. Technology is increasingly being leveraged to expand Community Forest Management (CFM) monitoring capabilities and to potentially increase its effectiveness, but a systematic accounting of this is lacking in the scientific literature. This study employed a mixed-methods approach combining a systematic literature review (SLR) with semi-structured interviews of technology-enhanced CFM (tech-CFM) case studies in tropical forests. From the SLR, evaluation criteria were identified and applied to 23 case studies that employed one or more novel technologies, 8 on the African continent, 9 in the Asia Pacific region, 5 in Latin America, and 1 in multiple regions. The results include classifying 22 monitoring technologies, with satellite remote sensing technology being the most common (17 case studies), followed by mobile devices (10 case studies), which are often integrated with geographic information system (8 case studies) analysis and data platforms. These technologies tend to be deployed in packages that augment each technology's capabilities, beyond their individual uses. Nonetheless, they are limited by poor internet coverage in remote regions, impeding the ability to develop real-time integrated monitoring systems. Tech-CFM shows potential for complementing and integrating with national monitoring system when adequate data collection protocols are in place. Practical social-cultural, technical, and project design recommendations are made for the integration of technology into CFM. Finally, a multi-criteria decision-making framework is developed from the literature-based evaluation criteria to assist practitioners in selecting appropriate technology suites.",Journal of Environmental Management,,,,36,0,2025-03-21 14:45:43,
0,CHAP,Chapter Two - Discovering marine biodiversity in the 21st century,"Rogers, Alex D.;Appeltans, Ward;Assis, Jorge;Ballance, Lisa T.;Cury, Philippe;Duarte, Carlos;Favoretto, Fabio;Hynes, Lisa A.;Kumagai, Joy A.;Lovelock, Catherine E.;Miloslavich, Patricia;Niamir, Aidin;Obura, David;O’Leary, Bethan C.;Ramirez-Llodra, Eva;Reygondeau, Gabriel;Roberts, Callum;Sadovy, Yvonne;Steeds, Oliver;Sutton, Tracey;Tittensor, Derek P.;Velarde, Enriqueta;Woodall, Lucy;Aburto-Oropeza, Octavio","Sheppard, Charles",Academic Press,93,23,115,2022,2022/01/01/,0065-2881,https://doi.org/10.1016/bs.amb.2022.09.002,https://www.sciencedirect.com/science/article/pii/S0065288122000177,Marine biodiversity;Taxonomy;Extinction;Species discovery;Biodiversity monitoring,"We review the current knowledge of the biodiversity of the ocean as well as the levels of decline and threat for species and habitats. The lack of understanding of the distribution of life in the ocean is identified as a significant barrier to restoring its biodiversity and health. We explore why the science of taxonomy has failed to deliver knowledge of what species are present in the ocean, how they are distributed and how they are responding to global and regional to local anthropogenic pressures. This failure prevents nations from meeting their international commitments to conserve marine biodiversity with the results that investment in taxonomy has declined in many countries. We explore a range of new technologies and approaches for discovery of marine species and their detection and monitoring. These include: imaging methods, molecular approaches, active and passive acoustics, the use of interconnected databases and citizen science. Whilst no one method is suitable for discovering or detecting all groups of organisms many are complementary and have been combined to give a more complete picture of biodiversity in marine ecosystems. We conclude that integrated approaches represent the best way forwards for accelerating species discovery, description and biodiversity assessment. Examples of integrated taxonomic approaches are identified from terrestrial ecosystems. Such integrated taxonomic approaches require the adoption of cybertaxonomy approaches and will be boosted by new autonomous sampling platforms and development of machine-speed exchange of digital information between databases.",,,,,0,0,2025-03-21 14:45:48,
11,JOUR,Dataset on audio records of animals from the northeast Andes of Colombia II: The vertebrate sounds of Santander department,"Ospina-L, Ana María;Borja-Acosta, Kevin G.;Buitrago-Cardona, Alexandra;Torres, Mauricio;Acevedo-Charry, Orlando",,,29,105298,,2020,2020/04/01/,2352-3409,https://doi.org/10.1016/j.dib.2020.105298,https://www.sciencedirect.com/science/article/pii/S235234092030192X,Colombia;Natural history audio archives;Sound recordings;Sound collection,"Colombia holds one of the most spectacular biodiversity of the world. Yet, vast aspects of this biodiversity are still poorly inventoried. One of the least known aspects of Colombia's biodiversity is the sound produced by its animals, even for the most conspicuous ones, the vertebrates. Here we reviewed and compiled the sound records available for the Department of Santander, a region in the North-East of Colombia, gathering the sound records of birds, anurans, mammals, and fishes. By conducting a detailed review in the environmental sound collection of the Humboldt Institute, the Macaulay Library of the Cornell Lab of Ornithology and Xeno-canto platform of the Naturalis Biodiversity Center, we present the first dataset of vertebrate sounds information from the Santander department. We selected recordings with a taxonomic resolution up to species and complete metadata information. Using latitude and longitude information, we assigned each recording to one of the six biotic units reported for Santander. We found a total of 1499 recordings, which belong to six biotic units: Guane-Yariguíes (597), Middle Magdalena Valley and Mompox Depression (484), High Andes Eastern Cordillera (167), Nechí-San Lucas (150), Middle Magdalena Eastern Cordillera (95), Catatumbo (6). This dataset can have a wide scope of applications, from basic scientific questions, to analyses made by decision makers regarding conservation strategies, to support biodiversity-based economies such as ecotourism.",Data in Brief,,,,11,0,2025-03-21 14:45:51,
32,JOUR,Identifying recreational ecosystem service areas of concern in Grand Canyon National Park: A participatory mapping approach,"Rice, William L.;Taff, B. Derrick;Newman, Peter;Zipp, Katherine Y.;Pan, Bing",,,125,102353,,2020,2020/12/01/,0143-6228,https://doi.org/10.1016/j.apgeog.2020.102353,https://www.sciencedirect.com/science/article/pii/S0143622820303908,,"Increased visitor use and overuse are well-documented in popular national parks in the Western United States. Previous research has documented how this high level of visitor use negatively impacts park resources and inhibits the provisioning of recreational ecosystem services to park visitors. This research informs the management of recreational ecosystem services in wildland protected areas by identifying important provisioning areas, degraded provisioning areas, and at-risk provisioning areas through a participatory mapping exercise conducted with park managers and other key residential stakeholders (e.g., tourism operators, NGOs, and local community leaders) in Grand Canyon National Park. Following a mixed methods design, responses were analyzed via overlap, hotspot, and qualitative metadata analyses. Findings indicate that unique bundles of recreational ecosystem services are provisioned in specific areas across the study area. However, many of these service provisioning areas were also found to be either degraded or at-risk of degradation due to visitor use trends. Based on perceived service provisioning and degradation, areas of concern for recreational ecosystem service management were subsequently classified. Finally, sources and impacts of degradation for areas of concern were identified through a paired qualitative analysis of the spatial participatory mapping data. As a result, this manuscript outlines a new method of prioritizing areas for recreational ecosystem service management through an areas of concern analysis that examines the overlap of service provisioning areas and ecological and experiential degradation.",Applied Geography,,,,32,0,2025-03-21 14:45:55,
23,JOUR,"The Australian SuperSite Network: A continental, long-term terrestrial ecosystem observatory","Karan, Mirko;Liddell, Michael;Prober, Suzanne M.;Arndt, Stefan;Beringer, Jason;Boer, Matthias;Cleverly, James;Eamus, Derek;Grace, Peter;Van Gorsel, Eva;Hero, Jean-Marc;Hutley, Lindsay;Macfarlane, Craig;Metcalfe, Dan;Meyer, Wayne;Pendall, Elise;Sebastian, Alvin;Wardlaw, Tim",,,568,1263,1274,2016,2016/10/15/,0048-9697,https://doi.org/10.1016/j.scitotenv.2016.05.170,https://www.sciencedirect.com/science/article/pii/S0048969716311007,TERN;SuperSite;Ecosystem;Observatory;Biogeochemistry;Biodiversity,"Ecosystem monitoring networks aim to collect data on physical, chemical and biological systems and their interactions that shape the biosphere. Here we introduce the Australian SuperSite Network that, along with complementary facilities of Australia's Terrestrial Ecosystem Research Network (TERN), delivers field infrastructure and diverse, ecosystem-related datasets for use by researchers, educators and policy makers. The SuperSite Network uses infrastructure replicated across research sites in different biomes, to allow comparisons across ecosystems and improve scalability of findings to regional, continental and global scales. This conforms with the approaches of other ecosystem monitoring networks such as Critical Zone Observatories, the U.S. National Ecological Observatory Network; Analysis and Experimentation on Ecosystems, Europe; Chinese Ecosystem Research Network; International Long Term Ecological Research network and the United States Long Term Ecological Research Network. The Australian SuperSite Network currently involves 10 SuperSites across a diverse range of biomes, including tropical rainforest, grassland and savanna; wet and dry sclerophyll forest and woodland; and semi-arid grassland, woodland and savanna. The focus of the SuperSite Network is on using vegetation, faunal and biophysical monitoring to develop a process-based understanding of ecosystem function and change in Australian biomes; and to link this with data streams provided by the series of flux towers across the network. The Australian SuperSite Network is also intended to support a range of auxiliary researchers who contribute to the growing body of knowledge within and across the SuperSite Network, public outreach and education to promote environmental awareness and the role of ecosystem monitoring in the management of Australian environments.",Science of The Total Environment,,,,23,0,2025-03-21 14:46:20,
44,JOUR,Restor: Transparency and connectivity for the global environmental movement,"Crowther, Thomas W.;Thomas, Stephen M.;van den Hoogen, Johan;Robmann, Niamh;Chavarría, Alfredo;Cottam, Andrew;Cole, Rebecca;Elliott, Thomas;Clark, Emily;Max, Simeon;Danylo, Olga;Rowe, Clara",,,5,476,481,2022,2022/05/20/,2590-3322,https://doi.org/10.1016/j.oneear.2022.04.003,https://www.sciencedirect.com/science/article/pii/S2590332222002044,,"Protecting and restoring biodiversity requires that nature becomes the economically sustainable option for local communities across the globe. Here, we present Restor, a data sharing platform developed to facilitate this process by providing transparency and connectivity to nature-based solutions. In the process, Restor provides a unique database to study the global environmental movement.",One Earth,5,,,44,0,2025-03-21 14:46:26,
20,JOUR,Creating Custom Immersive 360-Degree Videos for Use in Clinical and Nonclinical Settings: Tutorial,"Naef, Aileen C;Jeitziner, Marie-Madlen;Jakob, Stephan M;Müri, René M;Nef, Tobias",,,9,,,2023,2023/01/01/,2369-3762,https://doi.org/10.2196/42154,https://www.sciencedirect.com/science/article/pii/S236937622300065X,360-degree video;head-mounted display;healthcare;relaxing content;technology;video content;video production;virtual reality;VR,"The use of virtual reality (VR) stimulation in clinical settings has increased in recent years. In particular, there has been increasing interest in the use of VR stimulation for a variety of purposes, including medical training, pain therapy, and relaxation. Unfortunately, there is still a limited amount of real-world 360-degree content that is both available and suitable for these applications. Therefore, this tutorial paper describes a pipeline for the creation of custom VR content. It covers the planning and designing of content; the selection of appropriate equipment; the creation and processing of footage; and the deployment, visualization, and evaluation of the VR experience. This paper aims to provide a set of guidelines, based on first-hand experience, that readers can use to help create their own 360-degree videos. By discussing and elaborating upon the challenges associated with making 360-degree content, this tutorial can help researchers and health care professionals anticipate and avoid common pitfalls during their own content creation process.",JMIR Medical Education,,,,20,0,2025-03-21 14:46:29,
17,JOUR,﻿A review of invasive species reporting apps for citizen science and opportunities for innovation,"Howard, Leif;van Rees, Charles B.;Dahlquist, Zoe;Luikart, Gordon;Hand, Brian K.",,,71,165,188,2022,2022/01/01/,1619-0033,https://doi.org/10.3897/neobiota.71.79597,https://www.sciencedirect.com/science/article/pii/S1619003322000238,biosurveillance;citizen science;early detection and rapid response;invasive species;mobile device;species occurrence;wildlife technology,"﻿Abstract Smartphone apps have enhanced the potential for monitoring of invasive alien species (IAS) through citizen science. They now have the capacity to massively increase the volume and spatiotemporal coverage of IAS occurrence data accrued in centralised databases. While more reporting apps are developed each year, innovation across diverse functionalities and data management in this field are occurring separately and simultaneously amongst numerous research groups with little attention to trends, priorities and opportunities for improvement. This creates the risk of duplication of effort and missed opportunities for implementing new and existing functionalities that would directly benefit IAS research and management. Using a literature search of Early Detection and Rapid Response implementation, smartphone app development and invasive species reporting apps, we developed a rubric for quantitatively assessing the functionality of IAS reporting apps and applied this rubric to 41 free, English-language IAS reporting apps, available via major mobile app stores in North America. The five highest performing apps achieved scores of 61.90% to 66.35% relative to a hypothetical maximum score, indicating that many app features and functionalities, acknowledged to be useful for IAS reporting in literature, are not present in sampled apps. This suggests that current IAS reporting apps do not make use of all available and known functionalities that could maximise their efficacy. Major implementation gaps, highlighted by this rubric analysis, included limited implementation in user engagement (particularly gamification elements and social media compatibility), ancillary information on search effort, detection method, the ability to report absences and local habitat characteristics. The greatest advancement in IAS early detection would likely result from app gamification. This would make IAS reporting more engaging for a growing community of non-professional contributors and encourage frequent and prolonged participation. We discuss these implementation gaps in relation to the increasingly urgent need for Early Detection and Rapid Response frameworks. We also recommend future innovations in IAS reporting app development to help slow the spread of IAS and curb the global economic and biodiversity extinction crises. We also suggest that further funding and investment in this and other implementation gaps could greatly increase the efficacy of current IAS reporting apps and increase their contributions to addressing the contemporary biological invasion threat.",NeoBiota,,,,17,0,2025-03-21 14:46:51,
45,JOUR,Transitioning from remote sensing archaeology to space archaeology: Towards a paradigm shift,"Luo, Lei;Wang, Xinyuan;Guo, Huadong",,,308,114200,,2024,2024/07/01/,0034-4257,https://doi.org/10.1016/j.rse.2024.114200,https://www.sciencedirect.com/science/article/pii/S0034425724002189,Remote sensing archaeology;Sensing technology;Past human–environment interactions;Space archaeology;Artificial intelligence;Big data,"Remote Sensing Archaeology (RSA) is an innovative sub-discipline within archaeology that utilizes general Remote Sensing (RS) techniques to analyze data from ancient human-made structures. This analysis significantly contributes to understanding various facets of human history, such as cultures, practices, diversity, and evolution. Our study anticipates the forthcoming changes in the roles of RS archaeologists and the research framework of RSA. Emphasizing the necessity for archaeologists to comprehend remote, proximal, in-situ, and instrumental sensing technologies, as well as rapidly evolving digital advancements, such as Artificial Intelligence/Machine Learning (AI/ML), Big Data (BD), Cloud or Cyber Infrastructure (CI), and Digitalization Technology (DT). Drawing upon successful techniques and practices, we argue the efficacy of RSA in addressing historical, contemporary, and future challenges. This effectiveness becomes particularly pronounced as RSA transitions from archaeological prospecting to knowledge discovery using space technologies, represented by RS. Space Archaeology (SA), which we propose as an evolved stage of RSA for archaeological prospecting, builds upon the experiences and lessons gleaned from RSA's century-long journey. It not only extends the legacy of RSA but also signifies a shift in both the implication and methodology of sensing-based archaeological prospecting. SA, while advancing RSA, also aligns with the current trend of spatial thinking in archaeology amidst substantial transformations in RSA research. The perspectives outlined in this review aspire to positively shape the ongoing shift in archaeological spatial thinking.",Remote Sensing of Environment,,,,45,0,2025-03-21 14:46:56,
14,JOUR,Global Cicada Sound Collection I: Recordings from South Africa and Malawi by B. W. Price & M. H. Villet and harvesting of BioAcoustica data by GBIF,"Baker, Ed;Price, Benjamin Wills;Rycroft, Simon;Villet, Martin H.",,,3,,,2015,2015/01/01/,1314-2836,https://doi.org/10.3897/BDJ.3.e5792,https://www.sciencedirect.com/science/article/pii/S1314283615000263,bioacoustics;BioAcoustica;Cicadidae;acoustic recording;Malawi;South Africa;GBIF,"Background Sound collections for singing insects provide important repositories that underpin existing research (e.g. Price et al. 2007 at http://bio.acousti.ca/node/11801; Price et al. 2010) and make bioacoustic collections available for future work, including insect communication (Ordish 1992), systematics (e.g. David et al. 2003), and automated identification (Bennett et al. 2015). The BioAcoustica platform (Baker et al. 2015) is both a repository and analysis platform for bioacoustic collections: allowing collections to be available in perpetuity, and also facilitating complex analyses using the BioVeL cloud infrastructure (Vicario et al. 2011). The Global Cicada Sound Collection is a project to make recordings of the world's cicadas (Hemiptera: Cicadidae) available using open licences to maximise their potential for study and reuse. This first component of the Global Cicada Sound Collection comprises recordings made between 2006 and 2008 of Cicadidae in South Africa and Malawi. New information This collection of sounds includes 219 recordings of 133 voucher specimens, comprising 42 taxa (25 identified to species, all identified to genus) from South Africa and Malawi. The recordings have been used to underpin work on the species limits of cicadas in southern Africa, including Price et al. (2007) and Price et al. (2010). The specimens are deposited in the Albany Museum, Grahamstown, South Africa (AMGS). The harvesting of acoustic data as occurrence records by GBIF has been implemented by the Scratchpads Team at the Natural History Museum, London. This link increases the value of individual recordings and the BioAcoustica platform within the global infrastructure of biodiversity informatics by making specimen/occurence records from BioAcoustica available to a wider audience, and allowing their integration with other occurence datasets that also contribute to GBIF.",Biodiversity Data Journal,,,,14,0,2025-03-21 14:47:13,
19,JOUR,The Białowieża Forest as an example of the resilience of long-term studies in a changing world,"Broughton, Richard K.;Cholewa, Marta;Czeszczewik, Dorota;Fuller, Robert J.;Jaroszewicz, Bogdan;Kuijper, Dries P.J.;Maziarz, Marta;Mikusiński, Grzegorz;Neubauer, Grzegorz",,,304,111045,,2025,2025/04/01/,0006-3207,https://doi.org/10.1016/j.biocon.2025.111045,https://www.sciencedirect.com/science/article/pii/S0006320725000825,Research continuity;Ecological data management;Environmental change;Border conflicts;Science and society,"Effective conservation of biodiversity requires a good understanding of ecosystem dynamics in response to natural and anthropogenic influences. Long-term studies (LTS) conducted over multiple decades provide essential insights into ecological processes and interactions over time, which can inform conservation strategies, but they are anchored within their wider society and geopolitics. The context of any LTS is therefore vulnerable to temporal instability, including disruptions and challenges but also scientific opportunities. The resilience and adaptability of LTS in the face of political, social or environmental change is key to their continuity and relevance for science and society. Poland's iconic Białowieża Forest hosts unique remnants of European old-growth forest, and also diverse LTS lasting up to nine decades, revealing a dynamic ecosystem. The Białowieża Forest is a hub of international science, providing an essential reference for ecosystem functioning and evolutionary processes, and a key benchmark for wider perceptions of ‘natural forest’, which is increasingly relevant to ecological restoration elsewhere. Nevertheless, the Białowieża LTS have persisted against a backdrop of profound sociopolitical and geopolitical change, which has challenged their scope and viability. The Białowieża experience has a wider resonance for LTS in other regions, because change can affect science anywhere, even in situations that currently appear stable. We describe how Białowieża's LTS have maintained continuity and relevance for our understanding of forest ecosystems by embedding core expertise among diverse institutions, building collaborative teams around visionary leaders and dispersing risks of financial, political and security vulnerabilities. However, issues remain around centralised data archiving and availability. These perspectives provide general lessons for supporting LTS in a changeable world.",Biological Conservation,,,,19,0,2025-03-21 14:47:17,
42,JOUR,"“Domo arigato, Mr. Roboto”: A qualitative content analysis of AI music in WorldCat","Berkowitz, Adam Eric",,,51,103026,,2025,2025/03/01/,0099-1333,https://doi.org/10.1016/j.acalib.2025.103026,https://www.sciencedirect.com/science/article/pii/S0099133325000229,Artificial intelligence;Librarianship;Ethics;Cataloging;WorldCat;Music,"Artificial intelligence (AI) has been used for experimentation in generating music for the last seventy years, but recent advances in generative AI (genAI) have led to novel, creative, and even surprising results. Issues arise when genAI and human efforts are simultaneously recognized in a creative work, constituting the uncanny valley and leading to discomfort among listeners. Additionally, the lack of transparency required of media producers regarding genAI use robs audiences of their right to choose whether to engage or avoid genAI content. This has sparked discussions among researchers, industry leaders, and lawmakers about regulating genAI use with priority given to enforcing transparency. Libraries can play a role in this by curating metadata when cataloging genAI materials, but current cataloging practices and policies inhibit the cataloger's ability to maximize accuracy and transparency when describing genAI items. This study features a content analysis that examines WorldCat item records belonging to genAI songs and music albums and finds inconsistent item record descriptions, often vaguely referring to or omitting genAI use. Supported by epidata theory, this study recommends adopting Resource Description and Access (RDA) standards to improve accuracy and transparency in cataloging genAI music.",The Journal of Academic Librarianship,2,,,42,0,2025-03-21 14:47:23,
18,JOUR,Empowering sustainability in the built environment: A technological Lens on industry 4.0 Enablers,"Pachouri, Vikrant;Singh, Rajesh;Gehlot, Anita;Pandey, Shweta;Vaseem Akram, Shaik;Abbas, Mohamed",,,76,102427,,2024,2024/03/01/,0160-791X,https://doi.org/10.1016/j.techsoc.2023.102427,https://www.sciencedirect.com/science/article/pii/S0160791X23002324,Built environment;Digitalization;Sustainability;Industry 4.0;Internet of things (IoT);Artificial intelligence (AI),"According to the World Business Council for Sustainable Development (WBCSD), the built environment contributes around 10 % of global GDP but is also a major source of emissions, land use, and resource consumption. The built environment also consumes one-third of global energy and produces 40 % of greenhouse gas (GHG) emissions. The United Nations has set up the 2030 Sustainable Development Goals (SDGs), which emphasize the significance of transforming the built environment to cope with issues such as net-zero emissions, resilient infrastructure, circular economy, health, etc. Researchers have emphasized that digitalization is one of the factors that can meet the aforementioned targets in a built environment with a sustainability aspect. Digitalization in any field is realized with the assimilation of Industry 4.0 enabling technologies with sustainably built infrastructure. It has been identified that; there are limited studies where all Industry 4.0 enabling technologies are detailed discussed. Based upon the above facts, this study aims to analyze and identify the progress of distinct Industry 4.0 enabling technologies including the Internet of Things (IoT), Cloud Computing, Edge Computing/Fog Computing, Big Data Analytics, Artificial Intelligence (AI), Machine Learning (ML), Blockchain, Augmented Reality (AR), Virtual Reality (VR), Mixed Reality (MR), Digital Twin, Metaverse, and Robotics implementation in the built environment. Along with this, the study also discusses challenges and suggests recommendations for future work.",Technology in Society,,,,18,0,2025-03-21 14:47:26,
15,JOUR,A new generation of sensors and monitoring tools to support climate-smart forestry practices1,"Torresan, Chiara;Benito Garzón, Marta;O’Grady, Michael;Robson, Thomas Matthew;Picchi, Gianni;Panzacchi, Pietro;Tomelleri, Enrico;Smith, Melanie;Marshall, John;Wingate, Lisa;Tognetti, Roberto;Rustad, Lindsey E.;Kneeshaw, Dan",,,51,1751,1765,2020,2020/06/17/,0045-5067,https://doi.org/10.1139/cjfr-2020-0295,https://www.sciencedirect.com/science/article/pii/S0045506720000644,climate change;early warning signals;ecosystem regime shifts;wireless sensor network;Internet of Things;citizen science;green technologies;changement climatique;signaux d’alerte rapide;changement de régime des écosystèmes;réseau de capteurs sans fil;Internet des objets;science participative;technologies vertes,"Climate-smart forestry (CSF) is an emerging branch of sustainable adaptive forest management aimed at enhancing the potential of forests to adapt to and mitigate climate change. It relies on much higher data requirements than traditional forestry. These data requirements can be met by new devices that support continuous, in situ monitoring of forest conditions in real time. We propose a comprehensive network of sensors, i.e., a wireless sensor network (WSN), that can be part of a worldwide network of interconnected uniquely addressable objects, an Internet of Things (IoT), which can make data available in near real time to multiple stakeholders, including scientists, foresters, and forest managers, and may partially motivate citizens to participate in big data collection. The use of in situ sources of monitoring data as ground-truthed training data for remotely sensed data can boost forest monitoring by increasing the spatial and temporal scales of the monitoring, leading to a better understanding of forest processes and potential threats. Here, some of the key developments and applications of these sensors are outlined, together with guidelines for data management. Examples are given of their deployment to detect early warning signals (EWS) of ecosystem regime shifts in terms of forest productivity, health, and biodiversity. Analysis of the strategic use of these tools highlights the opportunities for engaging citizens and forest managers in this new generation of forest monitoring. La foresterie intelligente face au climat est une branche émergente de la gestion forestière adaptative et durable dont l’objectif est d’accroître la capacité des forêts de s’adapter au changement climatique et d’en atténuer les effets. Cela comporte beaucoup plus d’exigences en termes de données que la foresterie traditionnelle. Ces exigences en matière de données peuvent être satisfaites grâce à de nouveaux appareils qui permettent de surveiller la forêt in situ en continu et en temps réel. Nous proposons un réseau complet de capteurs, c.-à-d. un réseau de capteurs sans fil, qui peut faire partie d’un réseau mondial d’objets interconnectés individuellement adressables, un Internet des objets (IdO) qui peut rendre les données disponibles presque en temps réel à de nombreux intéressés, incluant des scientifiques, des forestiers et des gestionnaires forestiers, et qui peut en partie motiver les citoyens à participer à une importante collecte de données. L’utilisation de sources in situ de données de suivi comme données d’entraînement validées sur le terrain pour des données de télédétection peut favoriser la surveillance des forêts en augmentant les échelles spatiale et temporelle, permettant ainsi une meilleure compréhension des processus forestiers et des menaces potentielles. Certains des développements et applications clés de ces capteurs sont présentés dans cet article avec des directives pour la gestion des données. Des exemples de leur déploiement pour détecter les signaux d’alerte rapide des changements de régime des écosystèmes en ce qui a trait à la productivité, l’état de santé et la biodiversité de la forêt sont présentés. L’analyse de l’utilisation stratégique de ces outils met en évidence les occasions d’intéresser les citoyens et les gestionnaires forestiers à cette nouvelle génération de suivi des forêts. [Traduit par la Rédaction]",Canadian Journal of Forest Research,12,,,15,0,2025-03-21 14:47:29,
3,JOUR,An integrated VR/AR framework for user-centric interactive experience of cultural heritage: The ArkaeVision project,"Bozzelli, Guido;Raia, Antonio;Ricciardi, Stefano;De Nino, Maurizio;Barile, Nicola;Perrella, Marco;Tramontano, Marco;Pagano, Alfonsina;Palombini, Augusto",,,15,e00124,,2019,2019/12/01/,2212-0548,https://doi.org/10.1016/j.daach.2019.e00124,https://www.sciencedirect.com/science/article/pii/S2212054819300232,Virtual reality;Augmented reality;Gamification;Digital storytelling;User experience design,"The ArkaeVision project is aimed at enabling a new way of enjoying Cultural Heritage through a more engaging and culturally-qualified user experience. The main goal is the creation of a technological infrastructure for the permanent enhancement of cultural resources. Hence, ArkaeVision represents a user-centric integrated system able to offer different modalities of exploitation of Cultural Heritage assets, including virtual representations of monuments, works of art and objects, as well as the stories associated to them. ArkaeVision therefore introduces a new communication paradigm, made of game-alike exploration of a 3D environment, virtually reconstructed, with elements of digital fiction and an engaging stortytelling, applied to two case studies: the exploration of the Hera II Temple of Paestum with Virtual Reality (VR) technology, and the exploration of the slab of the Swimmer Tomb with Augmented Reality (AR). The emotional component is fundamental in ArkaeVision, because it generates the motivation and leads people to use immersive viewers, as the HTC Vive, which allow the learning process to be activated more quickly, as many cognitivists and psychologists reported in the latest researches. Also the involvement of users through gamification is well expressed in ArkaeVision. This model of action (and interaction) designed for the public allows to emphasize the role of users through a system that is “guided” by their choices and times, in order to increase users’ engagement within the virtual exploration, and favour the content understanding by direct experience. Evaluations conducted on a preliminary prototype suggested that the communicative approach is very promising for education and engagement into cultural heritage experiences.",Digital Applications in Archaeology and Cultural Heritage,,,,3,0,2025-03-21 14:47:33,
